Date,TIP
2019-09-19,95.0420913696289
2019-09-20,95.56712341308594
2019-09-23,95.6983871459961
2019-09-24,95.91170501708984
2019-09-25,95.41127014160156
2019-09-26,95.46868896484375
2019-09-27,95.32100677490234
2019-09-30,95.40303802490234
2019-10-01,95.58878326416016
2019-10-02,95.58878326416016
2019-10-03,95.892822265625
2019-10-04,96.18866729736328
2019-10-07,95.92570495605469
2019-10-08,95.83533477783203
2019-10-09,95.63809967041016
2019-10-10,95.33403015136719
2019-10-11,95.03820037841797
2019-10-14,95.19434356689453
2019-10-15,94.87384033203125
2019-10-16,95.02175903320312
2019-10-17,95.15325927734375
2019-10-18,95.3011703491211
2019-10-21,94.9970932006836
2019-10-22,95.28473663330078
2019-10-23,95.3504638671875
2019-10-24,95.40797424316406
2019-10-25,95.42442321777344
2019-10-28,94.96422576904297
2019-10-29,94.72590637207031
2019-10-30,95.07926940917969
2019-10-31,95.3751220703125
2019-11-01,95.51485443115234
2019-11-04,95.44908905029297
2019-11-05,95.26826477050781
2019-11-06,95.57237243652344
2019-11-07,95.03813171386719
2019-11-08,94.98059844970703
2019-11-11,95.02989196777344
2019-11-12,95.01348114013672
2019-11-13,95.09564971923828
2019-11-14,95.31758880615234
2019-11-15,95.2025146484375
2019-11-18,95.39157104492188
2019-11-19,95.56415557861328
2019-11-20,95.93401336669922
2019-11-21,95.72032165527344
2019-11-22,95.75318145751953
2019-11-25,95.86006164550781
2019-11-26,96.0655288696289
2019-11-27,95.8764877319336
2019-11-29,95.65458679199219
2019-12-02,95.51802062988281
2019-12-03,96.11033630371094
2019-12-04,96.04449462890625
2019-12-05,95.9046859741211
2019-12-06,95.83885192871094
2019-12-09,95.8635482788086
2019-12-10,95.83885192871094
2019-12-11,96.17613220214844
2019-12-12,95.70723724365234
2019-12-13,96.09386444091797
2019-12-16,95.87177276611328
2019-12-17,96.00338745117188
2019-12-18,95.89645385742188
2019-12-19,96.05207061767578
2019-12-20,96.0026626586914
2019-12-23,95.83798217773438
2019-12-24,95.9532699584961
2019-12-26,96.01912689208984
2019-12-27,96.05207061767578
2019-12-30,96.08499908447266
2019-12-31,95.9862289428711
2020-01-02,96.4555435180664
2020-01-03,96.90019226074219
2020-01-06,96.65316772460938
2020-01-07,96.35672760009766
2020-01-08,96.26616668701172
2020-01-09,96.25791931152344
2020-01-10,96.54610443115234
2020-01-13,96.52964782714844
2020-01-14,96.66136932373047
2020-01-15,96.7354736328125
2020-01-16,96.57901763916016
2020-01-17,96.422607421875
2020-01-21,96.7354736328125
2020-01-22,96.66962432861328
2020-01-23,96.86725616455078
2020-01-24,97.08135223388672
2020-01-27,97.30364990234375
2020-01-28,97.15544128417969
2020-01-29,97.50952911376953
2020-01-30,97.61654663085938
2020-01-31,98.03649139404297
2020-02-03,97.80323028564453
2020-02-04,97.3828125
2020-02-05,97.09431457519531
2020-02-06,97.27567291259766
2020-02-07,97.67132568359375
2020-02-10,97.81970977783203
2020-02-11,97.53121185302734
2020-02-12,97.43226623535156
2020-02-13,97.63835144042969
2020-02-14,97.7125473022461
2020-02-18,97.9268798828125
2020-02-19,97.88565063476562
2020-02-20,98.07525634765625
2020-02-21,98.256591796875
2020-02-24,98.70994567871094
2020-02-25,98.54512786865234
2020-02-26,98.49563598632812
2020-02-27,98.78414154052734
2020-02-28,98.94078826904297
2020-03-02,99.17156219482422
2020-03-03,100.17718505859375
2020-03-04,100.02884674072266
2020-03-05,100.34207916259766
2020-03-06,101.00978088378906
2020-03-09,98.9325180053711
2020-03-10,96.09691619873047
2020-03-11,93.9207763671875
2020-03-12,93.69820404052734
2020-03-13,94.06914520263672
2020-03-16,93.41796875
2020-03-17,90.80492401123047
2020-03-18,89.69213104248047
2020-03-19,91.43138122558594
2020-03-20,95.50343322753906
2020-03-23,97.30039978027344
2020-03-24,97.35809326171875
2020-03-25,98.29780578613281
2020-03-26,98.80062103271484
2020-03-27,99.12210083007812
2020-03-30,97.54767608642578
2020-03-31,97.20149230957031
2020-04-01,97.79255676269531
2020-04-02,99.28679656982422
2020-04-03,100.1618423461914
2020-04-06,100.0958251953125
2020-04-07,100.02976989746094
2020-04-08,99.34454345703125
2020-04-09,100.32694244384766
2020-04-13,100.50856018066406
2020-04-14,100.8057632446289
2020-04-15,100.91309356689453
2020-04-16,100.03801727294922
2020-04-17,99.55921173095703
2020-04-20,99.25376892089844
2020-04-21,99.75735473632812
2020-04-22,100.3599853515625
2020-04-23,100.30216979980469
2020-04-24,100.87179565429688
2020-04-27,100.67366790771484
2020-04-28,101.0204086303711
2020-04-29,100.89656829833984
2020-04-30,100.14532470703125
2020-05-01,100.14366912841797
2020-05-04,100.24298858642578
2020-05-05,100.35885620117188
2020-05-06,99.87059783935547
2020-05-07,100.49954986572266
2020-05-08,100.46643829345703
2020-05-11,100.11888122558594
2020-05-12,100.20989227294922
2020-05-13,100.3009033203125
2020-05-14,100.41676330566406
2020-05-15,100.590576171875
2020-05-18,100.5822982788086
2020-05-19,100.46643829345703
2020-05-20,100.76436614990234
2020-05-21,100.65675354003906
2020-05-22,100.71471405029297
2020-05-26,100.3423080444336
2020-05-27,100.44161224365234
2020-05-28,100.75605773925781
2020-05-29,100.79747772216797
2020-06-01,100.92160034179688
2020-06-02,100.69815826416016
2020-06-03,100.36713409423828
2020-06-04,99.98643493652344
2020-06-05,99.97817993164062
2020-06-08,100.19330596923828
2020-06-09,100.29264831542969
2020-06-10,101.06226348876953
2020-06-11,101.09539031982422
2020-06-12,100.82228088378906
2020-06-15,100.8636703491211
2020-06-16,100.81400299072266
2020-06-17,100.74781036376953
2020-06-18,101.2029800415039
2020-06-19,101.40159606933594
2020-06-22,101.65812683105469
2020-06-23,101.7160415649414
2020-06-24,101.57538604736328
2020-06-25,101.66639709472656
2020-06-26,101.84017944335938
2020-06-29,101.95606231689453
2020-06-30,101.79056549072266
2020-07-01,101.85673522949219
2020-07-02,102.13810729980469
2020-07-06,102.33673095703125
2020-07-07,102.36157989501953
2020-07-08,102.17951202392578
2020-07-09,102.44432830810547
2020-07-10,102.33673095703125
2020-07-13,102.56019592285156
2020-07-14,102.57674407958984
2020-07-15,102.51878356933594
2020-07-16,102.7256851196289
2020-07-17,102.91603088378906
2020-07-20,103.05671691894531
2020-07-21,103.28843688964844
2020-07-22,103.28843688964844
2020-07-23,103.33806610107422
2020-07-24,103.31327056884766
2020-07-27,103.31327056884766
2020-07-28,103.50360870361328
2020-07-29,103.74358367919922
2020-07-30,103.85115814208984
2020-07-31,104.15737915039062
2020-08-03,104.2980728149414
2020-08-04,104.52974700927734
2020-08-05,104.57942962646484
2020-08-06,104.69530487060547
2020-08-07,104.41390228271484
2020-08-10,104.28976440429688
2020-08-11,104.05805969238281
2020-08-12,104.12429809570312
2020-08-13,103.85944366455078
2020-08-14,103.68567657470703
2020-08-17,103.90910339355469
2020-08-18,104.37254333496094
2020-08-19,104.05805969238281
2020-08-20,103.95877075195312
2020-08-21,104.31462097167969
2020-08-24,104.52152252197266
2020-08-25,104.48836517333984
2020-08-26,104.69530487060547
2020-08-27,104.28150939941406
2020-08-28,104.61255645751953
2020-08-31,105.08424377441406
2020-09-01,105.14220428466797
2020-09-02,105.18356323242188
2020-09-03,104.8194351196289
2020-09-04,104.49665832519531
2020-09-08,104.59600830078125
2020-09-09,104.65394592285156
2020-09-10,104.74495697021484
2020-09-11,104.68701934814453
2020-09-14,104.62084197998047
2020-09-15,104.69530487060547
2020-09-16,104.69530487060547
2020-09-17,104.75324249267578
2020-09-18,104.6622085571289
2020-09-21,104.47183990478516
2020-09-22,104.50494384765625
2020-09-23,104.39736938476562
2020-09-24,104.47183990478516
2020-09-25,104.61255645751953
2020-09-28,104.82768249511719
2020-09-29,105.00150299072266
2020-09-30,104.68701934814453
2020-10-01,104.66789245605469
2020-10-02,104.68453216552734
2020-10-05,104.3690185546875
2020-10-06,104.38561248779297
2020-10-07,104.37731170654297
2020-10-08,104.79247283935547
2020-10-09,104.82567596435547
2020-10-12,104.89209747314453
2020-10-13,104.89209747314453
2020-10-14,104.89209747314453
2020-10-15,104.85887908935547
2020-10-16,104.90040588378906
2020-10-19,104.65132904052734
2020-10-20,104.55999755859375
2020-10-21,104.5267562866211
2020-10-22,104.3690185546875
2020-10-23,104.49356079101562
2020-10-26,104.57657623291016
2020-10-27,104.78416442871094
2020-10-28,104.65132904052734
2020-10-29,104.29429626464844
2020-10-30,103.97880554199219
2020-11-02,104.36003112792969
2020-11-03,104.27679443359375
2020-11-04,104.45158386230469
2020-11-05,104.53482055664062
2020-11-06,104.06031799316406
2020-11-09,103.76069641113281
2020-11-10,103.86056518554688
2020-11-11,104.043701171875
2020-11-12,104.33505249023438
2020-11-13,104.32672882080078
2020-11-16,104.18523406982422
2020-11-17,104.36003112792969
2020-11-18,104.39331817626953
2020-11-19,104.50153350830078
2020-11-20,104.7345962524414
2020-11-23,104.65137481689453
2020-11-24,104.68466186523438
2020-11-25,104.85946655273438
2020-11-27,105.11751556396484
2020-11-30,105.23405456542969
2020-12-01,104.99491119384766
2020-12-02,105.06990051269531
2020-12-03,105.36154174804688
2020-12-04,105.13653564453125
2020-12-07,105.41155242919922
2020-12-08,105.5865478515625
2020-12-09,105.45321655273438
2020-12-10,105.6948471069336
2020-12-11,105.68653869628906
2020-12-14,105.68653869628906
2020-12-15,105.87818145751953
2020-12-16,105.8698959350586
2020-12-17,105.9306869506836
2020-12-18,105.88069152832031
2020-12-21,105.86405181884766
2020-12-22,105.96404266357422
2020-12-23,106.01404571533203
2020-12-24,106.05572509765625
2020-12-28,106.13072204589844
2020-12-29,106.08070373535156
2020-12-30,106.16407775878906
2020-12-31,106.38908386230469
2021-01-04,106.5057601928711
2021-01-05,106.47245025634766
2021-01-06,106.15572357177734
2021-01-07,106.08905792236328
2021-01-08,105.67233276367188
2021-01-11,105.4472885131836
2021-01-12,105.5889663696289
2021-01-13,105.8223648071289
2021-01-14,105.87234497070312
2021-01-15,105.98902893066406
2021-01-19,106.23906707763672
2021-01-20,106.39743041992188
2021-01-21,106.65579223632812
2021-01-22,106.48908996582031
2021-01-25,106.76414489746094
2021-01-26,106.60578918457031
2021-01-27,106.57245635986328
2021-01-28,106.78080749511719
2021-01-29,106.67245483398438
2021-02-01,106.4391098022461
2021-02-02,106.59745788574219
2021-02-03,106.53911590576172
2021-02-04,106.46410369873047
2021-02-05,106.4391098022461
2021-02-08,106.53911590576172
2021-02-09,106.59745788574219
2021-02-10,106.68910217285156
2021-02-11,106.56409454345703
2021-02-12,106.38908386230469
2021-02-16,105.87234497070312
2021-02-17,105.83068084716797
2021-02-18,105.38899230957031
2021-02-19,104.93889617919922
2021-02-22,104.93055725097656
2021-02-23,104.9555892944336
2021-02-24,104.87222290039062
2021-02-25,103.58870697021484
2021-02-26,104.87222290039062
2021-03-01,104.52216339111328
2021-03-02,104.94723510742188
2021-03-03,104.68050384521484
2021-03-04,104.28048706054688
2021-03-05,104.38880157470703
2021-03-08,103.81375885009766
2021-03-09,104.46379852294922
2021-03-10,104.93889617919922
2021-03-11,105.03056335449219
2021-03-12,104.20543670654297
2021-03-15,104.51383209228516
2021-03-16,104.73053741455078
2021-03-17,104.63886260986328
2021-03-18,103.8971176147461
2021-03-19,104.09711456298828
2021-03-22,104.59717559814453
2021-03-23,104.81388854980469
2021-03-24,105.08892822265625
2021-03-25,105.01390838623047
2021-03-26,105.0389175415039
2021-03-29,104.75552368164062
2021-03-30,104.57218933105469
2021-03-31,104.59717559814453
2021-04-01,104.8979263305664
2021-04-05,104.59717559814453
2021-04-06,104.6556625366211
2021-04-07,104.72249603271484
2021-04-08,104.95642852783203
2021-04-09,104.73084259033203
2021-04-12,104.74756622314453
2021-04-13,105.13186645507812
2021-04-14,105.13186645507812
2021-04-15,105.69994354248047
2021-04-16,105.66654205322266
2021-04-19,105.48273468017578
2021-04-20,105.54959869384766
2021-04-21,105.64984130859375
2021-04-22,105.77513885498047
2021-04-23,105.82527923583984
2021-04-26,105.88375854492188
2021-04-27,105.87541198730469
2021-04-28,106.20958709716797
2021-04-29,106.1594467163086
2021-04-30,106.09261322021484
2021-05-03,106.35684967041016
2021-05-04,106.60012817382812
2021-05-05,107.07827758789062
2021-05-06,106.95242309570312
2021-05-07,107.17890930175781
2021-05-10,107.22925567626953
2021-05-11,106.94404602050781
2021-05-12,106.75949096679688
2021-05-13,106.78465270996094
2021-05-14,107.16217041015625
2021-05-17,107.37187194824219
2021-05-18,107.21247100830078
2021-05-19,106.48269653320312
2021-05-20,106.60852813720703
2021-05-21,106.80146026611328
2021-05-24,107.06149291992188
2021-05-25,107.36349487304688
2021-05-26,107.12019348144531
2021-05-27,107.1118392944336
2021-05-28,107.17890930175781
2021-06-01,107.4918212890625
2021-06-02,107.35684204101562
2021-06-03,106.9942398071289
2021-06-04,107.50867462158203
2021-06-07,107.27255249023438
2021-06-08,107.38215637207031
2021-06-09,107.39058685302734
2021-06-10,107.94721984863281
2021-06-11,107.66890716552734
2021-06-14,107.60987854003906
2021-06-15,107.78697204589844
2021-06-16,106.80870819091797
2021-06-17,107.2135009765625
2021-06-18,107.25567626953125
2021-06-21,107.07012939453125
2021-06-22,107.66048431396484
2021-06-23,107.68577575683594
2021-06-24,107.4833755493164
2021-06-25,107.59300994873047
2021-06-28,107.75321960449219
2021-06-29,107.81229400634766
2021-06-30,107.95563507080078
2021-07-01,108.0600357055664
2021-07-02,108.51841735839844
2021-07-06,108.79856872558594
2021-07-07,108.72216033935547
2021-07-08,108.5778579711914
2021-07-09,108.5948257446289
2021-07-12,108.88345336914062
2021-07-13,108.88345336914062
2021-07-14,109.17207336425781
2021-07-15,109.50311279296875
2021-07-16,109.50311279296875
2021-07-19,109.54557800292969
2021-07-20,109.52857971191406
2021-07-21,109.24844360351562
2021-07-22,109.5540542602539
2021-07-23,110.04637145996094
2021-07-26,110.5217514038086
2021-07-27,110.49626922607422
2021-07-28,110.86979675292969
2021-07-29,110.6745376586914
2021-07-30,110.84431457519531
2021-08-02,110.88443756103516
2021-08-03,110.9869384765625
2021-08-04,110.7734375
2021-08-05,110.38063049316406
2021-08-06,110.13299560546875
2021-08-09,109.93660736083984
2021-08-10,110.03907012939453
2021-08-11,110.21836853027344
2021-08-12,110.13299560546875
2021-08-13,110.4147720336914
2021-08-16,110.52581787109375
2021-08-17,110.2269058227539
2021-08-18,110.24400329589844
2021-08-19,110.28670501708984
2021-08-20,109.94511413574219
2021-08-23,110.2013168334961
2021-08-24,110.2013168334961
2021-08-25,110.15859985351562
2021-08-26,110.1756820678711
2021-08-27,111.0040283203125
2021-08-30,110.9869384765625
2021-08-31,110.66242218017578
2021-09-01,110.71058654785156
2021-09-02,110.75359344482422
2021-09-03,110.59878540039062
2021-09-07,110.32364654541016
2021-09-08,110.77079010009766
2021-09-09,111.35552215576172
2021-09-10,111.04594421386719
2021-09-13,111.04594421386719
2021-09-14,111.10612487792969
2021-09-15,111.16632843017578
2021-09-16,110.98574829101562
2021-09-17,110.66757202148438
2021-09-20,110.77079010009766
2021-09-21,110.6933822631836
2021-09-22,110.58160400390625
2021-09-23,110.1860580444336
2021-09-24,109.91090393066406
2021-09-27,109.96247100830078
2021-09-28,109.72171783447266
2021-09-29,109.78192901611328
2021-09-30,109.7990951538086
2021-10-01,110.275390625
2021-10-04,110.2667465209961
2021-10-05,110.37889862060547
2021-10-06,110.31851196289062
2021-10-07,110.22360229492188
2021-10-08,110.2494888305664
2021-10-11,110.18049621582031
2021-10-12,110.38752746582031
2021-10-13,110.88799285888672
2021-10-14,111.10366821289062
2021-10-15,110.9224624633789
2021-10-18,110.68952941894531
2021-10-19,110.42206573486328
2021-10-20,110.6205062866211
2021-10-21,110.8707046508789
2021-10-22,111.09503936767578
2021-10-25,111.36250305175781
2021-10-26,111.75079345703125
2021-10-27,112.2770767211914
2021-10-28,111.30210876464844
2021-10-29,111.01739501953125
2021-11-01,110.57867431640625
2021-11-02,111.01912689208984
2021-11-03,110.86366271972656
2021-11-04,111.5977554321289
2021-11-05,111.98635864257812
2021-11-08,112.35774993896484
2021-11-09,113.01407623291016
2021-11-10,112.66864013671875
2021-11-11,112.65135192871094
2021-11-12,112.63411712646484
2021-11-15,112.65135192871094
2021-11-16,112.48727416992188
2021-11-17,112.71183776855469
2021-11-18,112.78092956542969
2021-11-19,112.57366943359375
2021-11-22,111.66681671142578
2021-11-23,111.23502349853516
2021-11-24,111.58048248291016
2021-11-26,112.13321685791016
2021-11-29,111.87411499023438
2021-11-30,111.97775268554688
2021-12-01,111.62834930419922
2021-12-02,111.95699310302734
2021-12-03,112.19051361083984
2021-12-06,111.68025207519531
2021-12-07,111.86184692382812
2021-12-08,111.67157745361328
2021-12-09,111.21318054199219
2021-12-10,111.20453643798828
2021-12-13,111.31700134277344
2021-12-14,110.96239471435547
2021-12-15,111.05753326416016
2021-12-16,111.28899383544922
2021-12-17,111.2977066040039
2021-12-20,111.23678588867188
2021-12-21,111.48045349121094
2021-12-22,111.83724212646484
2021-12-23,111.58486938476562
2021-12-27,111.95904541015625
2021-12-28,111.8894271850586
2021-12-29,111.98513793945312
2021-12-30,112.56818389892578
2021-12-31,112.4289321899414
2022-01-03,111.78502655029297
2022-01-04,111.35861206054688
2022-01-05,110.45362854003906
2022-01-06,109.97498321533203
2022-01-07,109.8444595336914
2022-01-10,109.98369598388672
2022-01-11,110.74948120117188
2022-01-12,110.0359115600586
2022-01-13,110.06201171875
2022-01-14,109.56600952148438
2022-01-18,109.04388427734375
2022-01-19,108.81763458251953
2022-01-20,108.94816589355469
2022-01-21,109.62696075439453
2022-01-24,109.87928771972656
2022-01-25,109.68783569335938
2022-01-26,108.99168395996094
2022-01-27,109.43550109863281
2022-01-28,109.8183822631836
2022-01-31,110.1142349243164
2022-02-01,109.3973159790039
2022-02-02,109.51956939697266
2022-02-03,108.82974243164062
2022-02-04,108.20099639892578
2022-02-07,108.1573486328125
2022-02-08,108.01762390136719
2022-02-09,108.22721862792969
2022-02-10,107.36272430419922
2022-02-11,108.32325744628906
2022-02-14,108.03509521484375
2022-02-15,107.58975219726562
2022-02-16,107.7993392944336
2022-02-17,108.0438461303711
2022-02-18,108.40184783935547
2022-02-22,108.73367309570312
2022-02-23,108.8122787475586
2022-02-24,109.25760650634766
2022-02-25,109.16154479980469
2022-02-28,111.05645751953125
2022-03-01,111.85164642333984
2022-03-02,111.12555694580078
2022-03-03,110.99434661865234
2022-03-04,111.8428955078125
2022-03-07,112.44649505615234
2022-03-08,112.98888397216797
2022-03-09,111.86914825439453
2022-03-10,111.62419128417969
2022-03-11,112.41150665283203
2022-03-14,111.1692886352539
2022-03-15,110.33824920654297
2022-03-16,109.69963836669922
2022-03-17,111.19554901123047
2022-03-18,110.8543701171875
2022-03-21,109.87459564208984
2022-03-22,109.36721801757812
2022-03-23,110.74065399169922
2022-03-24,110.05831909179688
2022-03-25,109.30596160888672
2022-03-28,109.18348693847656
2022-03-29,108.78985595703125
2022-03-30,109.32347106933594
2022-03-31,108.97355651855469
2022-04-01,108.3730697631836
2022-04-04,108.2938461303711
2022-04-05,107.51025390625
2022-04-06,107.03482055664062
2022-04-07,106.89393615722656
2022-04-08,107.087646484375
2022-04-11,106.90278625488281
2022-04-12,106.89393615722656
2022-04-13,106.69147491455078
2022-04-14,106.6826400756836
2022-04-18,106.6474380493164
2022-04-19,106.11918640136719
2022-04-20,106.90278625488281
2022-04-21,107.32537078857422
2022-04-22,106.90278625488281
2022-04-25,106.82353210449219
2022-04-26,107.05242156982422
2022-04-27,106.8763656616211
2022-04-28,107.48384857177734
2022-04-29,106.5946044921875
2022-05-02,105.04891967773438
2022-05-03,105.43045806884766
2022-05-04,106.25566101074219
2022-05-05,105.13762664794922
2022-05-06,104.86256408691406
2022-05-09,104.45439910888672
2022-05-10,103.98412322998047
2022-05-11,105.24411010742188
2022-05-12,104.79158020019531
2022-05-13,105.3328628540039
2022-05-16,105.36833190917969
2022-05-17,104.83596801757812
2022-05-18,105.56356048583984
2022-05-19,105.19086456298828
2022-05-20,105.23524475097656
2022-05-23,104.86256408691406
2022-05-24,105.43045806884766
2022-05-25,105.51918029785156
2022-05-26,105.9539566040039
2022-05-27,106.29114532470703
2022-05-31,105.53691864013672
2022-06-01,105.10338592529297
2022-06-02,105.58808898925781
2022-06-03,106.19847106933594
2022-06-06,105.50730895996094
2022-06-07,105.75865936279297
2022-06-08,105.49832916259766
2022-06-09,105.48039245605469
2022-06-10,105.01360321044922
2022-06-13,103.24527740478516
2022-06-14,101.82704162597656
2022-06-15,103.23629760742188
2022-06-16,102.93109893798828
2022-06-17,102.98497772216797
2022-06-21,102.62594604492188
2022-06-22,103.2183609008789
2022-06-23,103.5235595703125
2022-06-24,103.6222915649414
2022-06-27,102.87724304199219
2022-06-28,102.5182113647461
2022-06-29,102.33869171142578
2022-06-30,102.24891662597656
2022-07-01,103.89524841308594
2022-07-05,103.6065902709961
2022-07-06,102.66839599609375
2022-07-07,102.50601959228516
2022-07-08,102.39776611328125
2022-07-11,102.5601577758789
2022-07-12,102.5240707397461
2022-07-13,103.05631256103516
2022-07-14,102.80369567871094
2022-07-15,103.39907836914062
2022-07-18,103.26377868652344
2022-07-19,103.15554809570312
2022-07-20,103.06533813476562
2022-07-21,103.70581817626953
2022-07-22,104.58085632324219
2022-07-25,104.38236999511719
2022-07-26,104.38236999511719
2022-07-27,105.04995727539062
2022-07-28,106.12345886230469
2022-07-29,106.65569305419922
2022-08-01,106.70487213134766
2022-08-02,105.44772338867188
2022-08-03,106.00342559814453
2022-08-04,105.98519134521484
2022-08-05,104.91934967041016
2022-08-08,105.63902282714844
2022-08-09,105.33837127685547
2022-08-10,105.15618896484375
2022-08-11,104.80089569091797
2022-08-12,105.21084594726562
2022-08-15,105.10155487060547
2022-08-16,105.12886810302734
2022-08-17,104.81002807617188
2022-08-18,105.34750366210938
2022-08-19,105.16529083251953
2022-08-22,104.96488189697266
2022-08-23,105.13798522949219
2022-08-24,105.11975860595703
2022-08-25,105.44772338867188
2022-08-26,105.29281616210938
2022-08-29,104.88290405273438
2022-08-30,104.7007064819336
2022-08-31,103.77149200439453
2022-09-01,102.98541259765625
2022-09-02,103.5943374633789
2022-09-06,102.60711669921875
2022-09-07,103.03150939941406
2022-09-08,102.45948028564453
2022-09-09,102.50562286376953
2022-09-12,102.20113372802734
2022-09-13,101.89668273925781
2022-09-14,102.15501403808594
2022-09-15,101.63835144042969
2022-09-16,101.21391296386719
2022-09-19,100.7525863647461
2022-09-20,100.59574890136719
2022-09-21,100.78951263427734
2022-09-22,99.64543914794922
2022-09-23,99.22100830078125
2022-09-26,97.63408660888672
2022-09-27,97.1174087524414
2022-09-28,98.83349609375
2022-09-29,97.44953918457031
2022-09-30,96.78523254394531
2022-10-03,98.03079986572266
2022-10-04,98.4183120727539
2022-10-05,97.64329528808594
2022-10-06,97.32036590576172
2022-10-07,97.34803771972656
2022-10-10,96.7944564819336
2022-10-11,97.34803771972656
2022-10-12,97.54180145263672
2022-10-13,97.43107604980469
2022-10-14,97.51412963867188
2022-10-17,97.78168487548828
2022-10-18,97.52334594726562
2022-10-19,97.02513122558594
2022-10-20,96.93285369873047
2022-10-21,97.18195343017578
2022-10-24,97.41263580322266
2022-10-25,97.80937194824219
2022-10-26,97.6617202758789
2022-10-27,98.4183120727539
2022-10-28,98.2983627319336
2022-10-31,98.15998077392578
2022-11-01,98.14151763916016
2022-11-02,97.92008209228516
2022-11-03,96.83135223388672
2022-11-04,97.1911849975586
2022-11-07,97.31112670898438
2022-11-08,97.44953918457031
2022-11-09,97.2465591430664
2022-11-10,98.86117553710938
2022-11-11,98.80581665039062
2022-11-14,98.07691955566406
2022-11-15,98.71355438232422
2022-11-16,98.96267700195312
2022-11-17,98.28914642333984
2022-11-18,97.7908935546875
2022-11-21,98.30757141113281
2022-11-22,98.704345703125
2022-11-23,99.24868774414062
2022-11-25,99.15644073486328
2022-11-28,98.92577362060547
2022-11-29,98.50135803222656
2022-11-30,99.9591293334961
2022-12-01,101.03160858154297
2022-12-02,101.77983856201172
2022-12-05,100.73600006103516
2022-12-06,100.71755981445312
2022-12-07,101.1517105102539
2022-12-08,101.12398529052734
2022-12-09,100.16327667236328
2022-12-12,100.17253112792969
2022-12-13,100.4681167602539
2022-12-14,100.21867370605469
2022-12-15,100.2363052368164
2022-12-16,99.69879913330078
2022-12-19,99.35589599609375
2022-12-20,99.32809448242188
2022-12-21,99.86561584472656
2022-12-22,99.31884002685547
2022-12-23,99.09642028808594
2022-12-27,98.64231872558594
2022-12-28,98.5311050415039
2022-12-29,98.93885803222656
2022-12-30,98.64231872558594
2023-01-03,98.99445343017578
2023-01-04,99.05934143066406
2023-01-05,99.08715057373047
2023-01-06,99.99534606933594
2023-01-09,100.22704315185547
2023-01-10,99.81926727294922
2023-01-11,100.24555969238281
2023-01-12,101.0333023071289
2023-01-13,100.24555969238281
2023-01-17,99.95826721191406
2023-01-18,100.64408111572266
2023-01-19,101.26498413085938
2023-01-20,100.69043731689453
2023-01-23,100.59776306152344
2023-01-24,101.17230224609375
2023-01-25,101.37619018554688
2023-01-26,101.36693572998047
2023-01-27,101.14452362060547
2023-01-30,100.65332794189453
2023-01-31,100.69043731689453
2023-02-01,101.36693572998047
2023-02-02,101.22792053222656
2023-02-03,100.28263092041016
2023-02-06,99.88416290283203
2023-02-07,100.14363098144531
2023-02-08,100.66262817382812
2023-02-09,100.15290069580078
2023-02-10,99.79146575927734
2023-02-13,99.95826721191406
2023-02-14,99.6246566772461
2023-02-15,99.6246566772461
2023-02-16,99.38371276855469
2023-02-17,99.57833099365234
2023-02-21,99.13349151611328
2023-02-22,99.077880859375
2023-02-23,99.40222930908203
2023-02-24,98.75353240966797
2023-02-27,98.95740509033203
2023-02-28,99.32809448242188
2023-03-01,98.95740509033203
2023-03-02,99.03152465820312
2023-03-03,100.09729766845703
2023-03-06,99.55977630615234
2023-03-07,98.9295883178711
2023-03-08,98.45697021484375
2023-03-09,98.7164306640625
2023-03-10,100.17142486572266
2023-03-13,100.93135833740234
2023-03-14,100.37531280517578
2023-03-15,101.59861755371094
2023-03-16,100.44947052001953
2023-03-17,100.66262817382812
2023-03-20,100.75527954101562
2023-03-21,100.54214477539062
2023-03-22,101.9229736328125
2023-03-23,102.1082992553711
2023-03-24,101.84883117675781
2023-03-27,101.05183410644531
2023-03-28,101.36693572998047
2023-03-29,101.5615234375
2023-03-30,101.66350555419922
2023-03-31,102.1731948852539
2023-04-03,102.35597229003906
2023-04-04,102.65287780761719
2023-04-05,102.89411163330078
2023-04-06,103.12606048583984
2023-04-10,102.39307403564453
2023-04-11,102.56937408447266
2023-04-12,102.60647583007812
2023-04-13,102.35597229003906
2023-04-14,101.91060638427734
2023-04-17,101.44670867919922
2023-04-18,101.54878234863281
2023-04-19,101.44670867919922
2023-04-20,101.77144622802734
2023-04-21,101.81783294677734
2023-04-24,102.20753479003906
2023-04-25,102.81060028076172
2023-04-26,102.4487533569336
2023-04-27,102.10547637939453
2023-04-28,102.22605895996094
2023-05-01,101.37645721435547
2023-05-02,102.15052795410156
2023-05-03,102.61685180664062
2023-05-04,102.58887481689453
2023-05-05,102.38371276855469
2023-05-08,102.00130462646484
2023-05-09,101.85208129882812
2023-05-10,102.18783569335938
2023-05-11,102.41167449951172
2023-05-12,102.04794311523438
2023-05-15,101.89871215820312
2023-05-16,101.6282730102539
2023-05-17,101.58161926269531
2023-05-18,101.24588012695312
2023-05-19,101.00341033935547
2023-05-22,100.81687927246094
2023-05-23,101.12464141845703
2023-05-24,100.80755615234375
2023-05-25,100.35054779052734
2023-05-26,100.47180938720703
2023-05-30,100.87284851074219
2023-05-31,101.00341033935547
2023-06-01,101.16522979736328
2023-06-02,100.66949462890625
2023-06-05,100.80043029785156
2023-06-06,100.8565444946289
2023-06-07,100.38888549804688
2023-06-08,100.88461303710938
2023-06-09,100.6040267944336
2023-06-12,100.68819427490234
2023-06-13,100.17375946044922
2023-06-14,100.42630004882812
2023-06-15,101.06232452392578
2023-06-16,100.80043029785156
2023-06-20,101.01558685302734
2023-06-21,101.02491760253906
2023-06-22,100.66949462890625
2023-06-23,100.91266632080078
2023-06-26,100.95944213867188
2023-06-27,100.6788558959961
2023-06-28,100.88461303710938
2023-06-29,100.22053527832031
2023-06-30,100.66014099121094
2023-07-03,100.54174041748047
2023-07-05,100.06246948242188
2023-07-06,99.53622436523438
2023-07-07,99.47042846679688
2023-07-10,99.70538330078125
2023-07-11,99.59261322021484
2023-07-12,100.69208526611328
2023-07-13,101.20894622802734
2023-07-14,100.67329406738281
2023-07-17,100.8612289428711
2023-07-18,100.81426239013672
2023-07-19,101.16194152832031
2023-07-20,101.12438201904297
2023-07-21,101.12438201904297
2023-07-24,101.17134857177734
2023-07-25,100.99280548095703
2023-07-26,101.03041076660156
2023-07-27,100.28800964355469
2023-07-28,100.67329406738281
2023-07-31,100.70149230957031
2023-08-01,100.09976196289062
2023-08-02,99.92084503173828
2023-08-03,99.29932403564453
2023-08-04,100.25985717773438
2023-08-07,100.34459686279297
2023-08-08,100.32576751708984
2023-08-09,100.27867126464844
2023-08-10,99.76075744628906
2023-08-11,99.61949920654297
2023-08-14,99.4123306274414
2023-08-15,99.1015853881836
2023-08-16,98.80967712402344
2023-08-17,98.7813949584961
2023-08-18,98.9509048461914
2023-08-21,98.6872329711914
2023-08-22,98.85674285888672
2023-08-23,99.75132751464844
2023-08-24,99.29932403564453
2023-08-25,99.28050231933594
2023-08-28,99.33700561523438
2023-08-29,99.82666778564453
2023-08-30,99.67599487304688
2023-08-31,99.88316345214844
2023-09-01,99.36650848388672
2023-09-05,99.16813659667969
2023-09-06,99.01702880859375
2023-09-07,99.37593078613281
2023-09-08,99.60263061523438
2023-09-11,99.50818634033203
2023-09-12,99.55540466308594
2023-09-13,99.68765258789062
2023-09-14,99.5270767211914
2023-09-15,99.28150177001953
2023-09-18,99.48929595947266
2023-09-19,99.20592498779297
2023-09-20,98.99813079833984
2023-09-21,98.47862243652344
2023-09-22,98.81867218017578
2023-09-25,98.07246398925781
2023-09-26,97.8268814086914
2023-09-27,97.66629028320312
2023-09-28,98.16692352294922
2023-09-29,97.96855926513672
2023-10-02,97.37345886230469
2023-10-03,96.68282318115234
2023-10-04,97.10856628417969
2023-10-05,96.96662139892578
2023-10-06,96.61656188964844
2023-10-09,97.57215118408203
2023-10-10,97.60999298095703
2023-10-11,98.04519653320312
2023-10-12,97.42076873779297
2023-10-13,98.0546646118164
2023-10-16,97.77084350585938
2023-10-17,97.29777526855469
2023-10-18,97.08964538574219
2023-10-19,97.00447845458984
2023-10-20,97.29777526855469
2023-10-23,97.31670379638672
2023-10-24,97.40184783935547
2023-10-25,96.99502563476562
2023-10-26,97.515380859375
2023-10-27,97.65731048583984
2023-10-30,97.50590515136719
2023-10-31,97.25994873046875
2023-11-01,98.10758972167969
2023-11-02,98.55423736572266
2023-11-03,99.05787658691406
2023-11-06,98.8012924194336
2023-11-07,99.06737518310547
2023-11-08,99.28594207763672
2023-11-09,98.44969177246094
2023-11-10,98.48770904541016
2023-11-13,98.42118835449219
2023-11-14,99.22894287109375
2023-11-15,98.8012924194336
2023-11-16,99.16239929199219
2023-11-17,99.26695251464844
2023-11-20,99.56153106689453
2023-11-21,99.35247802734375
2023-11-22,99.44749450683594
2023-11-24,99.02936553955078
2023-11-27,99.35247802734375
2023-11-28,99.7420883178711
2023-11-29,100.14120483398438
2023-11-30,99.96066284179688
2023-12-01,100.47125244140625
2023-12-04,100.0521011352539
2023-12-05,100.59510040283203
2023-12-06,100.69987487792969
2023-12-07,100.61414337158203
2023-12-08,100.49029541015625
2023-12-11,100.28073120117188
2023-12-12,100.22357940673828
2023-12-13,101.58580017089844
2023-12-14,102.7003402709961
2023-12-15,102.52887725830078
2023-12-18,102.22403717041016
2023-12-19,102.29071807861328
2023-12-20,102.7003402709961
2023-12-21,102.52887725830078
2023-12-22,102.3288345336914
2023-12-26,102.38599395751953
2023-12-27,102.85276794433594
2023-12-28,102.51936340332031
2023-12-29,102.3955307006836
2024-01-02,102.25261688232422
2024-01-03,102.41456604003906
2024-01-04,101.93827056884766
2024-01-05,101.70962524414062
2024-01-08,101.98589324951172
2024-01-09,101.78585052490234
2024-01-10,101.70011901855469
2024-01-11,102.24308776855469
2024-01-12,102.68128967285156
2024-01-16,102.15736389160156
2024-01-17,101.84298706054688
2024-01-18,101.87157440185547
2024-01-19,101.9477767944336
2024-01-22,101.99543762207031
2024-01-23,101.66199493408203
2024-01-24,101.42383575439453
2024-01-25,101.76679992675781
2024-01-26,101.67152404785156
2024-01-29,102.11925506591797
2024-01-30,102.0716323852539
2024-01-31,102.73844909667969
2024-02-01,102.9194564819336
2024-02-02,101.92874908447266
2024-02-05,101.35717010498047
2024-02-06,101.70011901855469
2024-02-07,101.50959777832031
2024-02-08,101.43338012695312
2024-02-09,101.29051208496094
2024-02-12,101.32859802246094
2024-02-13,100.68082427978516
2024-02-14,101.10948181152344
2024-02-15,101.23333740234375
2024-02-16,101.12854766845703
2024-02-20,101.1761703491211
2024-02-21,101.0618667602539
2024-02-22,100.92849731445312
2024-02-23,101.18570709228516
2024-02-26,101.14759826660156
2024-02-27,101.02377319335938
2024-02-28,101.34764099121094
2024-02-29,101.66199493408203
2024-03-01,102.04305267333984
2024-03-04,101.95731353759766
2024-03-05,102.42408752441406
2024-03-06,102.46218872070312
2024-03-07,102.405029296875
2024-03-08,102.49077606201172
2024-03-11,102.30978393554688
2024-03-12,102.10974884033203
2024-03-13,101.96684265136719
2024-03-14,101.34764099121094
2024-03-15,101.28096771240234
2024-03-18,101.18570709228516
2024-03-19,101.32859802246094
2024-03-20,101.72868347167969
2024-03-21,101.9096908569336
2024-03-22,102.26213836669922
2024-03-25,101.93827056884766
2024-03-26,101.96684265136719
2024-03-27,102.28119659423828
2024-03-28,102.31929779052734
2024-04-01,101.65685272216797
2024-04-02,101.6854476928711
2024-04-03,101.6854476928711
2024-04-04,102.06671905517578
2024-04-05,101.63777923583984
2024-04-08,101.59963989257812
2024-04-09,101.86653900146484
2024-04-10,100.88475799560547
2024-04-11,100.7989730834961
2024-04-12,101.15164947509766
2024-04-15,100.82758331298828
2024-04-16,100.4177017211914
2024-04-17,100.80851745605469
2024-04-18,100.67506408691406
2024-04-19,100.82758331298828
2024-04-22,100.83710479736328
2024-04-23,100.93243408203125
2024-04-24,100.72273254394531
2024-04-25,100.57020568847656
2024-04-26,100.82758331298828
2024-04-29,101.07540130615234
2024-04-30,100.58929443359375
2024-05-01,100.7552719116211
2024-05-02,101.11988067626953
2024-05-03,101.63800048828125
2024-05-06,101.68595123291016
2024-05-07,101.6667709350586
2024-05-08,101.55162811279297
2024-05-09,101.916259765625
2024-05-10,101.7531509399414
2024-05-13,101.79151153564453
2024-05-14,101.9834213256836
2024-05-15,102.50153350830078
2024-05-16,102.35761260986328
2024-05-17,102.26165008544922
2024-05-20,102.22328186035156
2024-05-21,102.41516876220703
2024-05-22,102.39598083496094
2024-05-23,102.00260162353516
2024-05-24,102.1273422241211
2024-05-28,101.8202896118164
2024-05-29,101.5804214477539
2024-05-30,101.97381591796875
2024-05-31,102.37679290771484
2024-06-03,102.80863189697266
2024-06-04,103.12743377685547
2024-06-05,103.38825988769531
2024-06-06,103.30131530761719
2024-06-07,102.45117950439453
2024-06-10,102.3062744140625
2024-06-11,102.58644104003906
2024-06-12,102.74099731445312
2024-06-13,103.14673614501953
2024-06-14,103.2723388671875
2024-06-17,103.12743377685547
2024-06-18,103.54283142089844
2024-06-20,103.5621566772461
2024-06-21,103.4075927734375
2024-06-24,103.4655532836914
2024-06-25,103.59114837646484
2024-06-26,103.2820053100586
2024-06-27,103.47521209716797
2024-06-28,103.15640258789062
2024-07-01,102.74607849121094
2024-07-02,102.94010162353516
2024-07-03,103.34749603271484
2024-07-05,103.81311798095703
2024-07-08,103.77433013916016
2024-07-09,103.61912536621094
2024-07-10,103.81311798095703
2024-07-11,104.12352752685547
2024-07-12,104.28845977783203
2024-07-15,104.22054290771484
2024-07-16,104.54065704345703
2024-07-17,104.57943725585938
2024-07-18,104.34663391113281
2024-07-19,104.09442138671875
2024-07-22,103.96832275390625
2024-07-23,103.91014099121094
2024-07-24,103.59973907470703
2024-07-25,103.85192108154297
2024-07-26,104.18173217773438
2024-07-29,104.28845977783203
2024-07-30,104.36602783203125
2024-07-31,104.93836975097656
2024-08-01,105.07730102539062
2024-08-02,105.58252716064453
2024-08-05,105.88372802734375
2024-08-06,105.2716064453125
2024-08-07,104.95098876953125
2024-08-08,104.85382843017578
2024-08-09,105.12586975097656
2024-08-12,105.40763854980469
2024-08-13,105.63109588623047
2024-08-14,105.57283020019531
2024-08-15,105.34935760498047
2024-08-16,105.31047821044922
2024-08-19,105.37849426269531
2024-08-20,105.79627990722656
2024-08-21,106.02945709228516
2024-08-22,105.6991195678711
2024-08-23,106.26263427734375
2024-08-26,106.27235412597656
2024-08-27,106.27235412597656
2024-08-28,106.26263427734375
2024-08-29,106.11690521240234
2024-08-30,105.77684020996094
2024-09-03,105.99065399169922
2024-09-04,106.2724838256836
2024-09-05,106.34051513671875
2024-09-06,106.4085464477539
2024-09-09,106.65151977539062
2024-09-10,106.884765625
2024-09-11,106.95279693603516
2024-09-12,106.97222900390625
2024-09-13,107.33181762695312
2024-09-16,107.70111846923828
2024-09-17,107.6622314453125
2024-09-18,107.26377868652344
2024-09-19,107.58448028564453
2024-09-20,107.43872833251953
2024-09-23,107.44844055175781
2024-09-24,107.71084594726562
2024-09-25,107.30266571044922
2024-09-26,107.16659545898438
2024-09-27,107.42898559570312
2024-09-30,107.3609619140625
2024-10-01,107.71317291259766
2024-10-02,107.61587524414062
2024-10-03,107.1585922241211
2024-10-04,106.42890167236328
2024-10-07,106.31214904785156
2024-10-08,106.48726654052734
2024-10-09,106.29269409179688
2024-10-10,106.5067367553711
2024-10-11,106.5164566040039
2024-10-14,106.40943908691406
2024-10-15,106.52618408203125
2024-10-16,106.545654296875
2024-10-17,106.2245864868164
2024-10-18,106.39970397949219
2024-10-21,105.63109588623047
2024-10-22,105.77703094482422
2024-10-23,105.51434326171875
2024-10-24,105.6213607788086
2024-10-25,105.3392105102539
2024-10-28,105.1348876953125
2024-10-29,105.29057312011719
2024-10-30,105.49488067626953
2024-10-31,105.37813568115234
2024-11-01,104.92925262451172
2024-11-04,105.1045150756836
2024-11-05,105.20188903808594
2024-11-06,105.0363540649414
2024-11-07,105.42584991455078
2024-11-08,105.71796417236328
2024-11-11,105.36742401123047
2024-11-12,104.81239318847656
2024-11-13,104.61764526367188
2024-11-14,104.5981674194336
2024-11-15,104.62738800048828
2024-11-18,104.88055419921875
2024-11-19,105.04608154296875
2024-11-20,104.99740600585938
2024-11-21,104.861083984375
2024-11-22,104.93896484375
2024-11-25,105.51348876953125
2024-11-26,105.27005004882812
2024-11-27,105.60111236572266
2024-11-29,105.90298461914062
2024-12-02,105.84445190429688
2024-12-03,105.8932113647461
2024-12-04,106.19560241699219
2024-12-05,106.06880187988281
2024-12-06,106.15658569335938
2024-12-09,105.96150207519531
2024-12-10,105.92247009277344
2024-12-11,105.76641082763672
2024-12-12,105.42500305175781
2024-12-13,105.13237762451172
2024-12-16,105.01532745361328
2024-12-17,104.95679473876953
2024-12-18,104.29252624511719
2024-12-19,103.8724594116211
2024-12-20,104.07760620117188
2024-12-23,103.94084167480469
2024-12-24,104.17529296875
2024-12-26,104.17529296875
2024-12-27,103.91152954101562
2024-12-30,104.21436309814453
2024-12-31,104.0873794555664
2025-01-02,104.24366760253906
2025-01-03,104.02877044677734
2025-01-06,104.02877044677734
2025-01-07,103.86268615722656
2025-01-08,104.1362075805664
2025-01-10,103.76499938964844
2025-01-13,103.76499938964844
2025-01-14,103.8040771484375
2025-01-15,104.5269775390625
2025-01-16,104.66373443603516
2025-01-17,104.70281219482422
2025-01-21,104.78096008300781
2025-01-22,104.66373443603516
2025-01-23,104.76142883300781
2025-01-24,104.9470443725586
2025-01-27,105.38663482666016
2025-01-28,105.45501708984375
2025-01-29,105.3280258178711
2025-01-30,105.43547058105469
2025-01-31,105.51364135742188
2025-02-03,105.75785064697266
2025-02-04,105.9336929321289
2025-02-05,106.40259552001953
2025-02-06,106.21698760986328
2025-02-07,105.9336929321289
2025-02-10,105.98253631591797
2025-02-11,105.95323181152344
2025-02-12,105.31824493408203
2025-02-13,105.90438842773438
2025-02-14,106.09976196289062
2025-02-18,105.75785064697266
2025-02-19,105.97277069091797
2025-02-20,106.18768310546875
2025-02-21,106.40259552001953
2025-02-24,106.63705444335938
2025-02-25,107.08642578125
2025-02-26,107.1743392944336
2025-02-27,107.04734802246094
2025-02-28,107.7897720336914
2025-03-03,108.08284759521484
2025-03-04,107.70185089111328
2025-03-05,107.1548080444336
2025-03-06,107.10595703125
2025-03-07,106.93011474609375
2025-03-10,107.40878295898438
2025-03-11,107.11573028564453
2025-03-12,106.98872375488281
2025-03-13,107.14503479003906
2025-03-14,106.89103698730469
2025-03-17,106.92033386230469
2025-03-18,107.0375747680664
2025-03-19,107.58463287353516
2025-03-20,107.68231964111328
2025-03-21,107.55532836914062
2025-03-24,107.28179168701172
2025-03-25,107.45763397216797
2025-03-26,107.32086944580078
2025-03-27,107.5455551147461
2025-03-28,108.09261322021484
2025-03-31,108.52243041992188
2025-04-01,108.59027099609375
2025-04-02,108.42314147949219
2025-04-03,109.10153198242188
2025-04-04,108.73775482177734
2025-04-07,107.43014526367188
2025-04-08,107.16470336914062
2025-04-09,107.39082336425781
2025-04-10,106.11270904541016
2025-04-11,106.15204620361328
2025-04-14,106.66328430175781
2025-04-15,106.65345764160156
2025-04-16,106.94839477539062
2025-04-17,107.19418334960938
2025-04-21,106.64361572265625
2025-04-22,107.0368881225586
2025-04-23,107.35150909423828
2025-04-24,107.92173767089844
2025-04-25,107.97088623046875
2025-04-28,108.344482421875
2025-04-29,108.53129577636719
2025-04-30,108.65910339355469
2025-05-01,108.28861999511719
2025-05-02,107.72550201416016
2025-05-05,107.6168212890625
2025-05-06,107.9428482055664
2025-05-07,108.05152130126953
2025-05-08,107.66622161865234
2025-05-09,107.7650146484375
2025-05-12,106.92526245117188
2025-05-13,107.18212127685547
2025-05-14,107.07344818115234
2025-05-15,107.37971496582031
2025-05-16,107.56742095947266
2025-05-19,107.57730102539062
2025-05-20,107.41923522949219
2025-05-21,106.83634185791016
2025-05-22,107.1524887084961
2025-05-23,107.25127410888672
2025-05-27,107.55754089355469
2025-05-28,107.31056213378906
2025-05-29,107.6168212890625
2025-05-30,107.97248077392578
2025-06-02,107.60900115966797
2025-06-03,107.50995635986328
2025-06-04,107.9259262084961
2025-06-05,107.60900115966797
2025-06-06,107.03455352783203
2025-06-09,107.18311309814453
2025-06-10,107.23262786865234
2025-06-11,107.4109115600586
2025-06-12,107.71793365478516
2025-06-13,107.5594711303711
2025-06-16,107.4109115600586
2025-06-17,107.97544860839844
2025-06-18,108.05467224121094
2025-06-20,108.24286651611328
2025-06-23,108.33199310302734
2025-06-24,108.47064971923828
2025-06-25,108.53007507324219
2025-06-26,108.8470230102539
2025-06-27,108.70836639404297
2025-06-30,108.98567962646484
2025-07-01,108.92604064941406
2025-07-02,108.87635803222656
2025-07-03,108.6875228881836
2025-07-07,108.54838562011719
2025-07-08,108.45893859863281
2025-07-09,108.86641693115234
2025-07-10,108.83660125732422
2025-07-11,108.65770721435547
2025-07-14,108.72727966308594
2025-07-15,108.43905639648438
2025-07-16,108.8067855834961
2025-07-17,108.90616607666016
2025-07-18,109.02542877197266
2025-07-21,109.30371856689453
2025-07-22,109.40309143066406
2025-07-23,108.97573852539062
2025-07-24,109.05525207519531
2025-07-25,109.15463256835938
2025-07-28,109.01549530029297
2025-07-29,109.60186004638672
2025-07-30,109.17451477050781
2025-07-31,108.99561309814453
2025-08-01,109.75674438476562
2025-08-04,110.07554626464844
2025-08-05,109.97592163085938
2025-08-06,109.88626098632812
2025-08-07,110.00580596923828
2025-08-08,109.93607330322266
2025-08-11,109.93607330322266
2025-08-12,109.74678802490234
2025-08-13,110.16521453857422
2025-08-14,109.8364486694336
2025-08-15,109.62723541259766
2025-08-18,109.50768280029297
2025-08-19,109.61727142333984
2025-08-20,109.73682403564453
2025-08-21,109.75674438476562
2025-08-22,110.5039291381836
2025-08-25,110.29472351074219
2025-08-26,110.55374908447266
2025-08-27,110.80281066894531
2025-08-28,110.87255096435547
2025-08-29,110.75299835205078
2025-09-02,110.55000305175781
2025-09-03,110.80000305175781
2025-09-04,110.97000122070312
2025-09-05,111.45999908447266
2025-09-08,111.69000244140625
2025-09-09,111.47000122070312
2025-09-10,111.63999938964844
2025-09-11,111.81999969482422
2025-09-12,111.66999816894531
2025-09-15,111.77999877929688
2025-09-16,111.87999725341797
2025-09-17,111.80999755859375
2025-09-18,111.5
2025-09-19,111.44000244140625
2025-09-22,111.16999816894531
2025-09-23,111.47000122070312
2025-09-24,111.2699966430664
2025-09-25,111.08999633789062
