expiration,SPY,USD,Gold,Crude Oil,Wheat,Inflation Bond,VIX
2026-10-05 23:59:59,0.06071913789930142,,0.11085419644069032,,,,
2026-10-06 23:59:59,0.07360956535788299,,0.13034151577843925,,,,
2026-10-07 23:59:59,0.08112539599750494,,0.14894791603232113,0.3879934592743457,,,
2026-10-08 23:59:59,0.08647098850593007,,0.15163406765775267,,,,
2026-10-09 23:59:59,0.09415868513795447,,0.16616069288637572,0.42866401056828923,,,0.3041683223825224
2026-10-16 23:59:59,0.10561359819351424,,0.1792675582777529,0.4394160338113728,,,0.42609775724947785
2026-10-23 23:59:59,0.11036028817686776,,0.1844314645820626,0.4568908517905702,,,0.5172111252050805
2026-10-30 23:59:59,0.11937500111044047,,0.19591180916007037,0.45836886811472194,,,0.49999125029222197
2026-11-06 23:59:59,0.12509869628854522,,0.2048912978199284,0.4734601571646154,,,0.5116610628450594
2026-11-20 23:59:59,0.12952946365443338,0.06399185708731644,0.20752339842640577,0.4678486118052213,0.24856388305822902,0.05560181182998336,0.5896380617571063
2026-11-30 23:59:59,0.1264492541882156,,,,,,
2026-12-18 23:59:59,0.13122447517773114,0.05744549630873853,0.20613027253257257,0.4439434233968016,,0.042119743008723336,0.6252683457159709
2026-12-31 23:59:59,0.12601958699033985,,0.20491596288709316,,,,
2027-01-15 23:59:59,0.1302061615389413,0.018649432627895885,0.20438563501710416,0.43021708475315984,0.24672661770445317,0.02291496748282918,0.6215615302876917
2027-01-29 23:59:59,0.1324427595227238,,,,,,
2027-02-19 23:59:59,,,0.2060545542932338,,,,
2027-02-26 23:59:59,0.13720375042391791,,,,,,
2027-03-19 23:59:59,0.1392470699889235,,0.20949238193674302,0.41206437135462404,0.2841174299281574,,0.6898123112602931
2027-03-31 23:59:59,0.1364047342275642,,0.20944179878677974,,,,
2027-04-16 23:59:59,,,,0.4131381539360366,0.2738322199936927,,
2027-06-17 23:59:59,0.14858511241412076,,0.21377963287404836,0.3982641659523378,,,
2027-06-30 23:59:59,0.14425850644925212,,0.21398568460411402,,,,
2027-09-17 23:59:59,0.15656208788855228,,0.21680319809092286,0.3710946200518617,,,
2027-12-17 23:59:59,0.15680826244193297,,,,0.3095163584621634,,
2028-01-21 23:59:59,0.15870531461169135,,0.22633168225623534,0.3550377245832674,0.2759372718185342,,0.8134448822843908
2028-03-17 23:59:59,,,,0.3599275853937918,,,
2028-06-16 23:59:59,0.16365065405170204,,0.22965191423446948,0.3347486479105094,,,
2028-12-15 23:59:59,0.16681452296318727,,0.23706987837579735,0.32704587332661283,,,
2029-01-19 23:59:59,0.16484641271360254,,0.2372270852323583,0.3269342657081101,0.28837846934648276,,0.7815408663298852
