expiration,strike,bid,ask,mid,TimeToExpiration,implied_volatility
2026-10-06 23:59:59,380.0,1.13,1.15,1.14,0.005479452054794521,0.11619816189551088
2026-10-07 23:59:59,380.0,1.81,1.88,1.845,0.00821917808219178,0.1444974497427057
2026-10-08 23:59:59,380.0,2.31,2.45,2.38,0.010958904109589041,0.15725499987748404
2026-10-09 23:59:59,380.0,2.85,3.0,2.925,0.0136986301369863,0.16990975885467546
2026-10-12 23:59:59,380.0,3.3,3.45,3.375,0.021917808219178082,0.1507906375242987
2026-10-13 23:59:59,380.0,3.65,3.85,3.75,0.024657534246575342,0.15679438730275175
2026-10-14 23:59:59,380.0,4.35,4.55,4.449999999999999,0.0273972602739726,0.1755939888906712
2026-10-15 23:59:59,380.0,4.65,4.85,4.75,0.030136986301369864,0.17779784833553952
2026-10-16 23:59:59,380.0,5.05,5.15,5.1,0.03287671232876712,0.18198356795731546
2026-10-23 23:59:59,380.0,6.6,6.75,6.675,0.052054794520547946,0.18466423495175185
2026-10-30 23:59:59,380.0,8.3,8.45,8.375,0.07123287671232877,0.195189808931486
2026-11-06 23:59:59,380.0,9.7,10.0,9.85,0.09041095890410959,0.20145308092619105
2026-11-13 23:59:59,380.0,11.05,11.3,11.175,0.1095890410958904,0.20560303114266365
2026-11-20 23:59:59,380.0,12.15,12.25,12.2,0.12876712328767123,0.20500458319668483
2026-12-18 23:59:59,380.0,15.75,16.0,15.875,0.2054794520547945,0.20464864548111777
2026-12-31 23:59:59,380.0,17.15,17.45,17.299999999999997,0.2410958904109589,0.20329002922059294
2027-01-15 23:59:59,380.0,18.85,19.2,19.025,0.2821917808219178,0.20426095965609337
2027-02-19 23:59:59,380.0,22.35,22.7,22.525,0.3780821917808219,0.20378330271020456
2027-03-19 23:59:59,380.0,25.2,25.55,25.375,0.4547945205479452,0.2063111991524114
2027-03-31 23:59:59,380.0,26.15,26.65,26.4,0.4876712328767123,0.20583669210611288
2027-06-17 23:59:59,380.0,33.45,34.0,33.725,0.7013698630136986,0.21309019098481033
2027-06-30 23:59:59,380.0,34.4,35.0,34.7,0.736986301369863,0.21269645981787347
2027-09-17 23:59:59,380.0,40.35,42.15,41.25,0.9534246575342465,0.21741139757336814
2027-09-30 23:59:59,380.0,41.3,43.45,42.375,0.989041095890411,0.2187501754055617
2028-01-21 23:59:59,380.0,51.0,51.7,51.35,1.2986301369863014,0.22655467641668567
2028-06-16 23:59:59,380.0,59.85,62.35,61.1,1.7013698630136986,0.22889008815908765
2028-12-15 23:59:59,380.0,71.7,74.75,73.225,2.2,0.23654413614088776
2029-01-19 23:59:59,380.0,73.9,76.55,75.225,2.2958904109589042,0.2367166741521099
