expiration,SPY,Gold,Crude Oil,Wheat,USD,10Y T-Bond
2026-11-30,,0.0,0.0,,,
2026-12-30,0.0,0.0036907208894521037,-0.022094565556451506,0.0,0.0,0.0
2027-01-30,,0.007836769943426303,-0.04087491256580378,,,
2027-03-30,0.010425435472382283,,-0.07434816589837512,0.022213994816734584,-0.005482026045897426,-0.002549107812265694
2027-04-30,,0.02034700195483352,-0.0887096672237001,,,
2027-05-30,,0.0394238595000751,-0.10119306642082682,,,
2027-06-30,0.0226963672861491,0.029334203968528483,-0.11257175419694676,,,
2027-07-30,,,-0.12273523412473553,0.036653091447611974,,
2027-08-30,,0.046469802474640165,-0.1335616083323915,,,
2027-09-30,0.03428737939519522,,-0.1425098804118491,0.0451684561273602,-0.008287207673947194,
2027-10-30,,,-0.1507953424955184,,,
2027-11-30,,0.05087949952518778,-0.1601856002842733,,,
2027-12-30,0.04506896328433596,0.06252693673910836,-0.16559874524606188,0.06034801925212885,,
