expiration,ticker,price
2026-11-30,CLX26.NYM,91.45999908447266
2026-12-30,CLZ26.NYM,90.5999984741211
2027-01-30,CLF27.NYM,89.6500015258789
2027-03-30,CLH27.NYM,87.33999633789062
2027-04-30,CLJ27.NYM,86.12000274658203
2027-05-30,CLK27.NYM,84.94999694824219
2027-06-30,CLM27.NYM,83.7300033569336
2027-07-30,CLN27.NYM,82.4800033569336
2027-08-30,CLQ27.NYM,81.26000213623047
2027-09-30,CLU27.NYM,80.12000274658203
2027-10-30,CLV27.NYM,79.0199966430664
2027-11-30,CLX27.NYM,78.05000305175781
2027-12-30,CLZ27.NYM,77.19000244140625
